index,GCF_003062085.1.json,GCF_002218855.1.json,GCF_021134395.1.json,GCF_003316955.1.json,GCF_000761575.1.json,GCF_002218685.1.json,GCF_009865905.1.json,GCF_002079405.1.json,GCF_002218615.1.json
ASPK,0.0,8.881784197001259e-17,0.0,,,8.881784197001255e-17,,,1.1102230246251495e-17
CYTK2,0.0,,,,,,,,
DGK1,0.0,,,,,,,,
DTMPK,0.0,0.0,,0.0,,0.0,,,0.0
NDPK4,0.0,,,,,,,,
NDPK7,0.0,,,,,,,,
PGK,0.0,,,,,,,,
PUNP7,0.0,,,,,,,,
3OAR100,0.0,,0.0,0.0,,0.0,,,5.551115123125783e-17
3OAR120,0.0,,-6.241822381040482e-17,,,0.0,,,0.0
3OAR160,0.0,-6.7716362909815566e-18,1.8964937407688012e-16,,,,,,
3OAR40,0.0,,,,,0.0,,,
3OAR60,0.0,,-5.551115123125783e-17,,,,,,
3OAR80,0.0,,-8.847089727481576e-17,,,0.0,,,0.0
ACALD,0.0,,,,0.5041843628759795,,,,
ACKr,0.0,0.0,0.0,11.847208193968385,0.0,0.0,5.587906319867551,5.220445430610062,0.0
ADK1,0.0,0.0,1.7497748041512402,10.846990641458971,0.0,0.0,5.587906319867643,5.587906319867662,0.0
CYTK1,0.0,0.0,,0.9999999999999999,3.8300677309469955,0.0,,,0.0
DURIPP,0.0,,,,,,,,
ENO,14.38833599252621,0.0,2.7105507653173087,12.166131624970774,0.0,0.0,12.255757406270298,12.054387043356916,0.0
F6PA,0.0,,,,,,,,
FUM,0.0,,,,,,,,
GAPD,14.388335992525665,0.0,1.998866901471759,6.04159572222024,,0.0,1.6689375586994621,1.2024515340646587,0.0
GARFT,0.0,,0.43541939881145614,5.587906319867649,,,,5.587906319867684,
GHMT2r,0.0,,0.4354193988114663,0.4623381071899681,0.0,,5.587906319867599,0.462338107189968,
GK1,0.0,,5.551115123125783e-17,10.529830773417174,3.8741564100245445e-16,0.0,4.892852886665245,10.529830773417169,0.0
GLUDy,0.0,,,3.462338107190046,,,5.587906319867674,,
M1PD,0.0,0.0,0.0,0.0,0.0,0.0,0.0,0.0,0.0
MAN6PI,0.0,,2.3942770940406414e-17,,,5.5460322430364175e-17,,0.0,
MDH,0.0,,,,0.5041843628759936,,,,
MTHFD,0.0,,0.43541939881146025,0.4623381071899085,,,10.505950518716645,5.587906319867633,
NDPK1,0.0,,,,,,,,
PGI,0.5196760481136182,0.0,1.7497748041512082,5.587906319882976,0.0,0.0,10.198033658132976,3.4623381071902117,0.0
PGM,14.388335992526207,0.0,2.3282167191376306,11.181563545713736,,0.0,11.595006291763058,12.244388472052185,0.0
PGMT,0.5196760481136182,0.0,1.6011631174938818,0.46233810718999524,-9.685391025061343e-16,0.0,5.587906319867654,3.4623381071899595,0.0
PMANM,0.0,2.1383258715770702e-20,4.612389846410963e-17,,,,,0.0,
PPM2,2.0774646931765917,,,,,,,,
PRPPS,0.0,,4.1578778577763537e-17,,0.0,,0.0,3.633525401286805e-17,
PUNP2,0.0,,,,,,,,
PUNP4,0.0,,,,,,,,
PUNP5,0.0,,,,,,,,
PUNP6,0.0,,,,,,,,
PYNP2r,0.0,,,,,,,,
RBP4E,0.0,,,,,,,,
RPE,0.0,9.379278341232562,10.75457883185247,,,9.379278341232562,,,9.506006295824537
RPI,0.0,6.435676936097355,8.183055097455629,10.535097127767742,0.0,6.435676936097355,0.24585597573441476,10.535097127767735,6.435676936097355
TPI,0.0,0.0,1.746762323444326,9.256091814614766,0.0,0.0,7.26307641568026,9.529206505627851,0.0
UAG2E,0.0,,,,,,,,
UDPG4E,0.0,0.0,6.060198583354412e-17,,0.0,0.0,,0.0,0.0
UMPK,0.0,0.0,3.2288525116905116e-30,,,0.0,0.0,,
3OAR180,0.0,-2.9706251604114986e-21,,,0.0,0.0,,,0.0
EX_h_e,0.0,,,0.0,0.0,,0.0,0.0,
EX_h2o_e,0.0,13.473106386534344,13.044979558488013,10.513698162370098,2.362757209109014,13.473106386534585,10.505950518716643,7.74822565602066,0.0
EX_co2_e,0.0,0.0,0.0,2.113619616316324,0.0,0.0,3.920835074177223,4.065156901208448,0.0
EX_o2_e,0.0,,,,,,,,
3HAD180,0.0,5.551610227319185e-17,0.0,,,0.0,,,0.0
3HAD40,0.0,5.551138836701251e-17,,,,,,0.0,
3HAD60,0.0,,0.0,,,,,0.0,
3HAD80,0.0,0.0,0.0,,,,,0.0,0.0
ACPS1,0.5196760481113342,,,,1.937115705594294e-16,,,,
ADPT,0.0,,,3.24585536669792,,,10.700683920729452,3.2458553666433057,
AGPAT160,0.0,-5.5502486703927474e-17,-4.8572257327353477e-17,,,5.551138836701253e-17,,,
AGPAT161,0.0,-5.550974421953318e-17,4.2648565922955346e-17,,,,,,
ARGTRS,0.0,0.0,0.0,,,0.0,0.0,0.0,0.0
ASCBPL,0.0,,,,,,,,
ASNS1,0.0,,,,,,,,
ASNTRS,0.0,0.0,0.0,,,0.0,0.0,0.0,0.0
ASPTRS,0.0,0.0,0.0,,,0.0,0.0,0.0,0.0
ATPM,0.0,0.0,1.7497748041512058,5.587906319867621,0.0,0.0,5.587906319867699,5.5879063198669865,0.0
CFAS180,0.0,,,,,,,,
COADSR,0.0,,,,,,,,
CTPS1,0.0,0.05002963037281738,1.601163117493887,3.4623381071902046,2.362757209109013,0.050029630372877776,10.700683920729503,3.462338107190033,0.0500296303728085
DAGK120,0.0,,,,,,,,
DAGK140,0.0,,,,,,,,
DAGK141,0.0,,,,,,,,
DAGK160,0.0,,,,,,,,
DAGK161,0.0,,,,,,,,
DAGK180,0.0,,,,,0.0737214157309225,,,
DAGK181,0.0,,,,,,,,
DASYN120,0.0,5.549641022807843e-17,,,,1.0607302291660876e-20,,0.0,
DASYN140,0.0,1.0607302291660876e-20,4.5102810375397527e-17,,,5.550856897850847e-17,,0.0,
DASYN141,0.0,,6.869036268054476e-16,,,-5.550107966010223e-17,,0.0,1.0071571155593568e-20
DCYTD,0.0,,,,,,,,
DGNSK,0.0,,,,,,,,
DHDPS,0.0,,2.4098477671602037e-17,,,,,,
DHORDi,0.0,,,,,,,,
FPEPL,0.0,11.431522034039762,13.01656491508746,7.552645495313839,0.25625615063837426,11.431522034039768,,7.565558234736281,1.9112206039787085
G3PAT140,0.0,0.0,0.0,,,0.0,,,0.0
G3PAT160,0.0,5.549641022807843e-17,-4.8572257327353477e-17,,,1.1102253959827035e-16,,,
G3PAT161,0.0,5.549641022807843e-17,,,,1.1102253959827035e-16,,,
G3PAT181,0.0,0.0,,,,0.0,,,0.0
G5SD,0.0,,0.22212716056174125,,,,,,
GLNS,0.0,2.632522667149316e-32,2.583890196451887e-17,,4.89372540273567e-17,-6.824921482953392e-33,0.0,0.0,1.0092936587501367e-16
GLU5K,0.0,,1.7497748041523051,5.58790631986775,,,5.587906319868198,3.462338107189963,
GLUTRS,0.0,0.0,0.0,,,0.0,0.0,0.0,0.0
GUAD,0.0,,0.22212716056230214,3.4623381071900305,0.0,,,3.4623381071900345,
HISTRS,0.0,,-4.4096682973201324e-17,,,,0.0,0.0,1.1483726604903633e-31
HXPRT,0.0,0.060415076706782145,,,,0.060415076706821225,,,0.06041507670678037
ILETRS,0.0,0.0,0.0,,,0.0,0.0,0.0,0.0
kaasIII,0.0,,0.2221271605624907,3.462338107190034,,1.1102253959827035e-16,3.4623381071899555,3.4623381071899186,
KG6PDC,0.0,,,,,,,,
LEUTRS,0.0,0.0,0.0,,,0.0,0.0,0.0,0.0
LPGS_LBR,0.0,-5.548974323235105e-17,,,,1.1102253959827035e-16,,,
LPLIPAL1A161pp,0.46910272060499075,,,,,,,,
LPLIPAL2A161,0.0,,,,,,,,
LYSt2r,0.0,,,1.477170702729122,,,1.4771707029642533,1.4771707029640937,
LYSTRS,0.0,0.0,0.0,,,0.0,0.0,0.0,0.0
METTRS,0.0,0.0,,,,0.0,0.0,0.0,0.0
NNAT,0.0,,,,,,,0.0,-2.7755575615628914e-16
NTD10,0.0,,,,,,,,
NTD3,0.0,,,,,,,,
PAPPT3,0.0,-1.110193951259754e-16,1.7403591304057898e-16,,,-1.1102135838534596e-16,,,5.551511206480504e-17
PC6YM,0.0,,,,,,,,
PGPP120,0.0,-1.4738735708661857e-20,-1.1533010438099535e-17,0.0,,-5.5506230052345385e-17,0.0,0.0,2.147008787834488e-20
PGPP140,0.0,-1.4738735708661857e-20,-3.823836874088208e-17,0.0,,5.553364632523797e-17,,0.0,2.147008787834488e-20
PGPP141,0.0,-1.4738735708661857e-20,,0.0,,5.553364632523797e-17,,0.0,2.147008787834488e-20
PGPP160,0.0,-1.4738735708661857e-20,-3.823836874088324e-17,0.0,,5.553364632523797e-17,,0.0,2.147008787834488e-20
PGPP161,0.0,-1.4738735708661857e-20,-3.823836874088091e-17,0.0,,5.553364632523797e-17,,0.0,2.147008787834488e-20
PGPP180,0.0,-1.4738735708661857e-20,-3.82383687408796e-17,0.0,,5.553364632523797e-17,,,2.147008787834488e-20
PGPP181,0.0,-1.4738735708661857e-20,-3.8238368740884383e-17,0.0,,-5.5506230052345385e-17,,,2.147008787834488e-20
PGSA120,0.0,5.549641022807843e-17,-1.2738278579893996e-17,,,1.1102253959827035e-16,0.0,,
PGSA140,0.0,5.549641022807843e-17,-4.857225732735286e-17,,,1.1102253959827035e-16,0.0,,
PGSA141,0.0,5.549641022807843e-17,-2.748291762288167e-15,,,1.1102253959827035e-16,,,
PKETX,0.0,,,,,,,,
PPA,0.0,-3.0139145239522e-31,0.0,,,-2.4886076265793887e-31,7.748381388906457e-33,3.308355551324757e-16,2.0816681711721643e-16
PROTRS,0.0,-6.691752068684701e-32,0.0,,,-5.189499731250538e-31,0.0,0.0,-1.8462022531623077e-31
PTPAT,0.5196760481136182,0.0737214157307644,1.6011631174938818,3.4623381071902637,3.874156410024534e-16,0.07372141573081414,10.700683920729526,3.4623381071899595,0.07372141573075908
PYK,0.0,0.0,0.22678872753186424,,1.5709883355825462,0.0,10.505950518716649,,0.0
SERTRS,0.0,-2.440131679899728e-31,0.0,,,-6.176274657518367e-32,0.0,0.0,2.1195166833752994e-16
THRTRS,0.0,-7.634513086513671e-32,0.0,,,-3.446587659206268e-31,0.0,0.0,2.1699813663128053e-16
TMDK2,0.0,,,,7.748312820049068e-16,,3.4623381071899852,0.24585536664293545,
TMK,0.0,,,,,,5.587906319867545,,
TRDR,0.0,0.0,1.5696693111488411,0.0,-5.4292175863924977e-17,0.0,10.700683920729476,0.0,0.0
TRO2EHL,0.0,-1.1102230246251565e-16,,,,,,0.0,5.552952020678481e-17
TRPTRS,0.0,1.0607694410166232e-20,8.825829352945726e-17,,0.0,-2.3733181394740424e-22,,0.0,
TYRTRS,0.0,-1.4741003179397603e-20,0.0,,,-1.5124307707473292e-31,0.0,0.0,2.4980018054066007e-16
UAGDP,0.0,-5.55325592301646e-17,,,,-1.1101193229597869e-16,,,
UDCPK,0.0,-5.549378023607706e-17,1.2963254853394863e-16,,,-5.551115123125783e-17,,,
VALTRS,0.0,-1.6964003838234261e-31,0.0,,,7.824861376928981e-32,0.0,0.0,2.1699813663128097e-16
RNDR3,0.0,,,,,,,,
ARGabc,0.0,1.7370995180765474e-20,,,,-1.5422532359176057e-31,0.0,0.0,2.498001805406602e-16
3OAS100,0.0,0.0,-6.661338147750939e-16,,,,,,
FAS2_7_1,0.0,5.549641022807843e-17,-2.02766977188288e-18,,,1.1102253959827035e-16,,,-5.551115123125783e-17
3OAS140,0.0,1.070399945338769e-20,,,,,0.0,,
3OAS60,0.0,,2.0793236514726205e-17,,,,,,
3OAS120,0.0,,2.380116891001116e-17,,,,,,
GLYTRS,0.0,-1.0703999453387691e-20,7.613744859344919e-19,,,2.3713575469521696e-22,,0.0,
GLYCL,0.0,,,3.462338107190287,0.0,,10.504301300853239,3.462338107189954,
PDH,0.0,,,3.462338107189603,2.362757209109028,,10.529830773417187,3.4623381071899946,
CYSabc,0.0,1.7370995180765474e-20,-1.7232163774175097e-16,,0.0,5.55212842620401e-17,,0.0,
ASCBpts,0.710654947800831,,,,,,,,
DHAK,0.0,,,,,,,,
PFL,0.0,,,,,,,,
ALATRS,0.0,,-1.8074556592149897e-17,,0.0,5.55212842620401e-17,,0.0,
RNAS_LBR,0.0,-1.4741003179397603e-20,0.0,,,-2.635860936535314e-31,0.0,0.0,2.4980018054065983e-16
DNAS_LBR,0.0,5.549641022807843e-17,-1.5354442592048017e-16,,0.0,5.5501492471984947e-17,,0.0,
LIP_LBR,0.0,,-1.7656483334609646e-16,,0.0,-4.0235622466346194e-19,0.0,0.0,5.5401854885311134e-17
PG_ASSEMBLY,0.0,-1.55277812106147e-20,-6.162122330363616e-17,0.0,,-1.1751840529591589e-20,0.0,,5.552959571794705e-17
GAT1_LBR,0.0,,1.6843626637512885,,,,,,
DEMAND1,0.0,0.0,0.0,,,,0.0,,0.0
G5SADs,0.0,,,,,,0.3982878253323116,3.4623381071898818,
GTPHs,0.0,,,,,,,,
ALAD_L,0.0,,,,,,,,
ALALAC,0.0,-5.553141729282238e-17,,,,1.1102488471526503e-16,,,-2.2206510812235053e-16
ALCD2ir,1.3107819853237865,,,,,,,,
APAT,0.0,8.881784197001259e-17,0.0,,,8.881784197001255e-17,,,1.1102230246251495e-17
ASPT,0.0,,0.9541691941967478,,,,,,
ASPt2r,0.0,0.0,,,-7.748312820049068e-16,0.0,,,0.0
CITMALTr,2.882130865605164,,,,5.3214269000401515,,,,
CITTr,0.0,,,,5.24844546091146,,,,
CLPNS_LBR,0.0,,-1.6195619299249774e-16,0.0,,2.5699105328351928e-21,0.0,0.0,
CYTDK2,0.0,,0.22212716056216977,,,0.07372141573075552,3.4623381071899177,5.587906319867691,0.07372141573075552
DADA,0.0,,,,,,,,
DRPA,0.0,,,,0.0,,,,
FTHFLi,0.0,,0.4354193988140495,0.46233810718996965,,,,,
G3PD1,0.0,0.0,,,0.0,0.0,,3.462338107189983,0.0
GALU,0.0,0.0,0.22212716056228188,5.58790631986764,0.0,0.0,7.552645495313854,5.587906319867977,0.0
GLYCt,0.0,0.07451511082188667,1.4291714426063589,3.462338107190153,,0.07451511082190976,11.232997098074089,3.4623381071899693,0.07451511082186713
GLYt2r,0.0,0.0,0.5124460315301044,5.587906319867939,0.0,0.0,3.231336486504766,6.388090441192264,0.0
GTHAOX,0.0,,0.2991537932816122,,,,,,
ILEt2r,0.6872329848049351,-1.7545603111135775e-32,0.22212716056533227,0.0,,-1.999656047202328e-31,,0.0,2.1195166833752925e-16
IMPD,0.0,,,,,,,,
LEUt2r,0.0,0.0,1.7497748041512178,0.0,,0.0,,0.0,0.0
MACPMT,0.0,0.0,,0.0,,,,0.0,1.110096046860058e-16
MALCOAPYRCTr,0.0,0.0,0.0,0.0,0.0,0.0,,,
NADK5,0.0,0.0,4.79727644004079e-17,0.0,,0.0,,0.0,0.0
P5CR,0.0,,,10.50595051909746,,,,,
PRIBGLYNFTr,0.0,,0.4354193988114684,10.505950518717784,,,,5.587906319866099,
RNTR1,0.0,-5.551115123125783e-17,1.1090670756210603e-16,3.462338107189838,-1.937078205012273e-16,,10.529830773417201,3.4623381071900705,-2.220446049250313e-16
RNTR2,0.0,0.0,,,,,,,0.0
TSULR3e,0.0,,0.22212716056230405,,,,,,
UAGPT3,0.0,0.0,3.0472067444523415e-17,,,,,0.0,
URAt2,0.0,0.0558054596502906,0.22212716056229256,3.4623381071901647,,0.055805459650239086,10.20330025612013,3.462338107190022,0.055805459650274614
URIK2,0.0,0.07372141573074664,,,,,3.462338107189963,0.462338107189989,
UTCY,0.0,,,0.0,,0.0,,0.0,0.0
VALt2r,0.0,-1.6964003838234261e-31,1.7497748041512,0.0,,7.824861376928981e-32,,0.0,2.1699813663128097e-16
X5PL3E,0.0,,,,,,,,
XANt2,0.0,,0.2221271605622969,3.462338107190228,3.8741564100245356e-16,,,3.462338107189979,
MNLpts,0.0,0.0,0.0,0.0,,0.0,0.0,0.0,0.0
RNDR2,0.0,,,,,,,,
GLNTAL,0.0,,0.0,,0.0,0.0,,0.0,0.0
GLCpts,0.0,0.0,0.0,0.0,0.0,0.0,0.0,0.0,0.0
LDH_L,0.0,0.0,0.0,8.299249405647625,,0.0,9.364377478553418,9.800694204537155,7.022384298196166
TYRt2r,0.0,-1.4741003179397603e-20,0.0,0.0,,-1.5124307707473292e-31,,0.0,2.4980018054066007e-16
PHEt2r,0.0,-1.4741003179397603e-20,-5.725740015544511e-17,,,-4.932967426746899e-32,0.0,0.0,2.4980018054065973e-16
CPSS_LBR,0.0,,,,0.0,,0.0,,
CO2t,0.0,0.0,0.0,0.0,0.0,0.0,2.6481114260901037,4.065156901208549,0.0
FORt,0.0,,2.3284698672924726,7.552645495313847,,,,,
H2Ot,0.0,13.473106386534273,13.04497955853799,8.093925098175855,2.3627572091139446,13.473106386534248,7.552645495313846,10.135796432725263,0.0
INSt,0.0,0.0,1.6011631174938818,,-5.813623515830339e-16,0.0,10.267865550024375,,0.0
O2t,0.0,,,,,,,,
EX_lac_L_e,0.0,0.0,0.0,9.364377478553385,,0.0,,9.04629139330896,7.022384298196172
EX_ac_e,0.0,0.0,0.0,9.498299901309446,0.0,0.0,3.462338107189911,5.587906319867563,0.0
EX_arg_L_e,0.0,1.7370995180765474e-20,,,2.9430712379517137,-1.5422532359176057e-31,0.0,0.0,2.498001805406602e-16
EX_asp_L_e,0.0,0.0,,,-7.748312820049068e-16,0.0,,,0.0
EX_cys_L_e,0.0,1.7370995180765474e-20,-1.7232163774175097e-16,,0.0,5.55212842620401e-17,,0.0,
EX_etoh_e,0.0,,,,,,,,
EX_for_e,0.0,,2.3284698672924957,,,,,,
EX_glc_D_e,0.0,0.0,0.0,0.0,0.0,0.0,0.0,0.0,0.0
EX_glyc_e,0.0,0.07451511082188134,1.6011631174958763,3.4623381071900843,,0.07451511082185824,10.896507708041318,3.4623381071899546,0.07451511082186713
EX_gua_e,0.0,0.011017448741258207,1.5230117079611678,3.4623381071893986,-7.752094791252956e-16,0.011017448741299063,10.729830773417214,3.4623381071899595,0.011017448741267089
EX_his_L_e,0.0,,-3.041808043246098e-17,,,1.1483726604903633e-31,0.0,0.0,
EX_ile_L_e,0.0,-4.190151168809618e-33,0.0,,,-1.1606241480372753e-31,0.0,0.0,2.1195166833752994e-16
EX_ascb_L_e,0.710654947803647,,,,,,,,
EX_ins_e,0.0,0.0,1.6011631174938818,,0.0,0.0,10.267865550024375,,0.0
EX_leu_L_e,0.0,8.881784197001239e-17,0.0,,,8.881784197001248e-17,0.0,0.0,1.11022302462517e-17
EX_lys_L_e,0.0,,,1.4771707029640055,,,1.4771707029643342,1.4771707029641583,
EX_mal_L_e,0.0,,,,,,,,
EX_met_L_e,0.0,1.0703999453387691e-20,-6.942904289746924e-17,,,6.017327746190462e-23,,0.0,
EX_mnl_e,0.0,0.0,0.0,0.0,0.0,0.0,0.0,0.0,0.0
EX_phe_L_e,0.0,-1.4741003179397603e-20,-1.7692684494144503e-18,,,-4.932967426746899e-32,7.005486508084834e-17,0.0,2.4980018054065973e-16
EX_ser_L_e,0.0,0.0,0.0,10.421277356548215,1.980055899998245e-16,0.0,4.89285288666474,10.421277356553372,0.0
EX_thr_L_e,0.0,1.7586489504872649,0.0,2.163582085177973,0.0,1.758648950487272,4.289150297856457,0.0,1.7586489504872898
EX_thymd_e,0.0,0.036719280395610454,1.601163117493878,3.4623381071898836,0.0,0.03671928040582095,10.685634094385428,0.24585536664295365,0.03671928039558736
EX_trp_L_e,0.0,,5.4658964926392824e-17,,0.0,5.553141729282238e-17,,0.0,
EX_tyr_L_e,0.0,-1.4741003179397603e-20,0.0,,,-1.5124307707473292e-31,0.0,0.0,2.4980018054066007e-16
EX_ura_e,0.0,0.055805459650297706,1.6011631174938814,10.529830773417194,,0.055805459650239086,10.203300256120125,3.4623381071899675,0.05580545965028527
EX_val_L_e,0.0,-1.6964003838234261e-31,0.0,,,7.824861376928981e-32,0.0,0.0,2.1699813663128097e-16
EX_xan_e,0.0,,1.6011631174938779,3.4623381071902557,-7.748312820049114e-16,,,3.462338107189957,
L_LACt2,0.0,0.0,0.0,9.364377478553418,,0.0,9.364377478518234,6.9415936243263126,7.022384298196166
ACt6,0.0,0.0,0.0,7.5526454953136195,0.0,0.0,3.46233810718992,5.587906319867663,0.0
THRt2,0.0,0.07372141573077329,1.6011631174938803,3.46233810719156,0.0,0.07372141573081414,3.4623381071899213,3.462338107189911,0.07372141573075908
ETOHt1,0.0,,,,,,,,
THMDt2r,0.0,0.03671928039561401,1.601163117493891,3.4623381071900727,0.0,0.03671928040582095,11.21042235855807,3.4623381071899098,0.03671928039559802
PYRt2,0.0,,,,,,,,
TRPt6,0.0,2.3713575469521696e-22,5.4658964926392824e-17,,0.0,-5.066515391135715e-20,,0.0,3.327241517441667e-34
SERt6,0.11616939233620821,0.07372141573076618,1.7497748041512047,5.587906319867558,5.940167699994671e-16,0.07372141573071112,5.587906319867864,3.4623381071899852,0.07372141573059743
GUAt2,0.0,0.011017448741251101,1.523011707961093,3.4623381071901584,7.752094791252984e-16,0.011017448741299063,10.729830773417198,3.4623381071899675,0.011017448741267089
HISabc,0.0,,-3.041808043246098e-17,,,1.1483726604903633e-31,0.0,0.0,
BTMAT1,0.0,5.551138836701251e-17,0.0,,,,,,-5.551115123125783e-17
EAR100x,0.0,,0.0,,,,10.529830773417197,,
EAR180y,0.0,,,,,,,3.4623381071899426,
EAR80x,0.0,,,,,,,,0.0
MAN1PT,0.0,-1.9540101319815356e-19,-5.62801449728648e-17,,,5.492589726331587e-17,,0.0,
PYDXS,4.233333333334095,,,,,,,,
ICDHy,0.0,,,,2.437856902148943,,,,
FAS,0.0,,0.0,,,,,,
THMPP,0.0,,,,,,5.587906319867675,,
TALA,0.0,7.478055830748489,9.770946393770767,5.587906319867666,0.0,7.478055830748494,4.676370146117732,7.552645495313844,7.478055830748474
TKT1,0.0,7.478055830748557,9.413142580049028,10.79786735501063,2.3627572091090148,7.478055830772549,10.326234171749766,7.552645495313842,7.47805583074848
PEPCK_re,0.0,0.07372141573075552,,5.5879063198675185,0.0,0.07372141573081414,0.0,0.0,0.07372141573074842
3HAOR,,-1.1102230246251565e-16,,,,1.1102253959827035e-16,,,-5.551115123125783e-17
3OAR140,,0.0,,,,0.0,0.0,,0.0
ACYP,,0.0,2.45301603852331,1.202451534064233,,0.0,0.0,1.6689375586998079,0.0
ADPTA,,8.881784197001259e-17,,,,8.881784197001255e-17,,,1.1102230246251495e-17
ADSS,,0.0,1.776959460069167e-15,,,0.0,,,
AGPAT120,,0.0,,,,0.0,0.0,,0.0
AGPAT140,,0.0,6.162975822039155e-32,,,,0.0,,0.0
AGPAT141,,0.0,,,,0.0,,,0.0
AGPAT180,,0.0,,,,0.0,0.0,,0.0
AGPAT181,,0.0,,,,0.0,0.0,,0.0
AKGt2r,,0.0,0.0,,,0.0,3.462338107189918,,0.0
ASAD,,8.881784197001259e-17,0.0,0.0,,8.881784197001255e-17,,,8.881784197001255e-17
ASNS2,,0.0,1.6011631174938863,3.46233810719033,,0.0,10.700683920729494,3.4623381071900408,0.0
ASPTA,,0.0,2.8642041726937357,3.462338107189927,0.0,0.0,5.5879063198662156,0.46233810719001694,1.4264260703670484
CYSTRS,,0.0,,2.0000000000000004,0.0,0.0,,0.0,
CYTDK1,,0.0,1.4768035956314534,10.174153403432445,,0.0,,,0.0
DAGGT_LBR,,-2.775644206836195e-16,-7.033602350296954e-17,,,-1.6653753263801954e-16,,,2.0816464501272466e-16
DAPDA,,8.881784197001259e-17,,,,8.881784197001255e-17,,,1.1102230246251495e-17
DAPDC,,0.0,0.0,,,0.0,,,0.0
DAPE,,8.881784197001259e-17,0.0,,,8.881784197001255e-17,,0.0,1.1102230246251495e-17
DASYN160,,5.549641022807843e-17,-2.310902646735816e-16,,,1.0607302291660876e-20,,0.0,
DASYN161,,5.549641022807843e-17,-2.310902646735848e-16,,,1.0607302291660876e-20,,0.0,
DASYN180,,9.049973324882991e-17,4.510281037539777e-17,,,1.0607302291660876e-20,,0.0,
DASYN181,,9.049973324882991e-17,-2.310902646735871e-16,,,1.0607302291660876e-20,,0.0,
DHFOR2,,0.0,5.551115123125783e-17,10.174153403432438,,,,,0.0
DMRLMS,,0.0,1.3463584687290775,,,0.0,,,0.0
DPCOAK,,5.549641022807843e-17,-1.472563519299438e-16,,,1.1102253959827035e-16,,,
FRDx,,0.0,1.0675902544408296,,,0.0,,,0.0
G1PACT,,-5.55325592301646e-17,-5.730029236313156e-17,,,-1.1101193229597869e-16,,,
G3PAT141,,0.0,1.819953457050203e-16,,,0.0,,,0.0
G3PAT180,,-5.551115123125783e-17,-4.8572257327349076e-17,0.0,,,,0.0,-5.551115123125783e-17
G3PD2,,0.0,0.22212716056257417,3.4623381071899484,,0.0,,3.4623381071905386,0.0
GF6PTA,,-2.2203594039770094e-16,-5.730029236313156e-17,,,2.7753561301397796e-16,,,
GLNSP3,,0.0,5.262471145303168e-17,,,0.0,,0.0,0.0
GLUR,,8.21136217281824e-17,4.5102810375397724e-17,0.24585536664294874,0.0,-1.1103219835754323e-16,9.789748837563263,3.462338107189903,5.553141729282238e-17
GUAPRT,,0.0,1.5230117079610903,10.505950518716636,-1.1628142186879457e-15,0.0,5.587906319867505,0.4623381071900017,0.0
HEDESAT,,0.0,-1.0241649921502129e-16,,,0.0,,,0.0
HXANt2,,0.0,1.6011631174939012,3.4623381071901957,-7.74990766143331e-16,0.0,11.019195342002783,3.462338107190015,0.0
INSH,,0.0,1.6011631174938818,,-9.6893725263839e-16,0.0,10.267865550024311,,0.0
LDH_D,,-2.1407998906779463e-20,6.492822152940912e-16,,0.0,4.742715093900487e-22,,0.0,
NADK,,5.549641022807843e-17,-1.542305112873374e-16,,,5.551162550276722e-17,,,
NADS1,,-5.551115123125783e-17,,,,-5.551115123125783e-17,,,
NAt3,,0.0,,,,0.0,,,0.0
PGAMT,,-5.55325592301646e-17,4.5102810375397256e-17,,,-5.551067695974843e-17,,,
PGSA160,,5.549641022807843e-17,-4.8572257327353477e-17,,,1.1102253959827035e-16,,,
PGSA161,,5.549641022807843e-17,-4.8572257327353366e-17,,,1.1102253959827035e-16,,,
PGSA180,,5.549641022807843e-17,-4.8572257327349076e-17,,,1.1102253959827035e-16,,,
PGSA181,,5.549641022807843e-17,-4.8572257327352663e-17,,,1.1102253959827035e-16,,,
PNTK,,5.549641022807843e-17,-1.4725635192994795e-16,,,1.1102253959827035e-16,,,
PNTOte,,5.549641022807843e-17,-1.4725635192994795e-16,,,1.1102253959827035e-16,,,
PPCDC,,5.549641022807843e-17,-1.923591623053403e-16,,,1.1102253959827035e-16,,,
PPNCL2,,5.549641022807843e-17,-1.4725635192994795e-16,,,1.1102253959827035e-16,,,
PYRO2OR,,0.0,,,,0.0,10.700683920729526,3.462338107189954,0.0
RBFSa,,0.0,0.22212716056230292,,,0.0,,,0.0
RBK,,0.0,1.6719260116191517,,,0.0,10.438718697336672,,0.0
RNTR3,,0.0,-2.0841459243581799e-16,,,0.0,,,0.0
TMDK1,,0.07372141573075552,1.6011631174938719,3.4623381071897814,,0.07372141573081414,,,0.07372141573075375
TMDPK,,-5.551115123125783e-17,,,,,,,
UAAGDS,,-2.1407998906773096e-20,-5.730029236313156e-17,,,-5.553094302131299e-17,,,
UAGCVT,,-2.1407998906773096e-20,-5.730029236313156e-17,,,-5.553094302131299e-17,,,
UAMAGS,,-2.1407998906773096e-20,-5.730029236313156e-17,,,-5.553094302131299e-17,,,
UAMAS,,-2.1407998906773096e-20,-5.730029236313156e-17,,,-5.553094302131299e-17,,,
UAPGR,,0.0,-1.5484305652608347e-17,,,,,0.0,2.2202704403546948e-16
UGMDDS2,,-2.1407998906773096e-20,-5.730029236313156e-17,,,-5.553094302131299e-17,,,
UPPRT,,0.055805459650297706,1.6011631174938814,10.529830773417231,,0.055805459650239086,10.174153403432438,3.4623381071900345,0.055805459650283495
URIK1,,0.0,,,0.0,,,,
THMabc,,-5.551115123125783e-17,,,,,,,
SERD_L,,0.0,,,,0.0,,,0.0
PHETRS,,-1.4741003179397603e-20,0.0,,,-4.932967426746899e-32,0.0,0.0,2.4980018054065973e-16
ATPS3r,,0.0,0.0,14.347788503419407,2.224933289237866,0.0,14.349055328216794,14.347788503375082,0.0
METabc,,1.0703999453387691e-20,-6.942904289746924e-17,,,5.548919445302251e-17,,0.0,
LTA_total,,-1.1100479291917598e-16,5.156925842690844e-18,,,5.551872309414378e-17,,,5.551115123125783e-17
DEMAND2,,-5.549378023607706e-17,-5.730029236313017e-17,,,-5.551115123125783e-17,,,
EX_akg_e,,0.0,,,,0.0,,,0.3729645925016545
EX_ala_L_e,,0.04864154937426335,0.222127160563049,3.462338107189918,0.5752077224540878,0.04864154937425269,9.597620720234232,5.587906319867667,0.048641549374265125
EX_btn_e,,0.0,,,,-1.1102230246251565e-16,,,
EX_gly_e,,0.0,0.5124460315305491,5.587906319865943,0.4627572091090151,0.0,3.462338107189937,3.416163991453416,0.0
EX_hxan_e,,0.0,1.6011631174938776,3.462338107189616,-3.8749538307166564e-16,0.0,10.424569001914998,3.462338107189991,0.0
EX_pi_e,,0.0,6.107696738088323e-16,3.462338107155278,,0.0,,3.462338107188102,0.0
EX_pnto_R_e,,5.549641022807843e-17,-1.4725635192994795e-16,,,1.1102253959827035e-16,,,
EX_succ_e,,0.06041507670677326,,,,0.06041507670678925,,,0.06041507670677149
EX_thm_e,,-5.551115123125783e-17,,,,,,,
ASPO6,,-5.551115123125783e-17,,,,-5.551115123125783e-17,,,
BPNT,,0.0,-2.1069410093771282e-16,-8.158936691608113e-14,,,,,
G3PO,,0.0,8.818736012301272e-14,0.0,,0.0,,,
NNDPR,,-5.551115123125783e-17,-1.565107466414241e-17,,,-5.551115123125783e-17,,0.0,
3OXDAM,,5.549641022807843e-17,-5.054944848388471e-16,,,1.1102253959827035e-16,,,
GLUt4,,0.0,,,,0.0,,,0.0
3OAS80,,0.0,,,,,,,
TRO2EAO,,0.0,1.7962562851846204e-17,,,0.0,,,0.0
3HAD160,,-5.553518922216597e-17,1.3165984222235987e-16,0.0,,1.1103124981452445e-16,,0.0,
EAR140x,,-2.220446049250313e-16,0.512446031530791,10.537578417070629,-5.811234615036801e-16,-2.220446049250313e-16,3.4623381071899564,,-3.885780586188048e-16
BTNTr,,0.0,,,,-1.1102230246251565e-16,,,
3HAD100,,0.0,0.0,,,,,,-2.0816681711721685e-16
3HAD140,,0.0,1.5543122344752192e-15,0.0,,0.0,,,0.0
EAR120x,,0.0,0.5124460315307854,3.4623381071900172,,,10.700683920729526,,0.0
3OAS180,,5.551610227319185e-17,,,0.0,0.0,0.0,,5.551115123125804e-17
NDPK3,,0.0,,,2.4623878885388137,0.0,,,0.0
SUCCt2r,,0.060415076706776816,,,,0.060415076706801685,,,0.060415076706782145
PIt6,,0.0,,3.4623381071856882,0.5041843628759293,0.0,,3.4623381071900807,0.0
LALATr,,0.04864154937425269,1.749774804151174,9.705950518716621,0.5752077224540858,0.04864154937425269,11.5775319158679,5.58790631986763,0.04864154937423848
TKT2,,1.911220603978712,9.256469132533201,10.158020792385361,0.5041843628756931,1.9112206039786988,10.86162788870138,7.552645495313842,1.9112206039787205
3HAD120,,,-4.804493011097254e-16,,,,0.0,,
ALAR,,,-1.0507502361017977e-16,9.762997539665445,0.0,,9.762997539665474,3.4623381071899595,
ALKP,,,0.0,,,,,,
APCPT,,,1.601163117493881,,,,,,
ARGORNt3,,,0.22212716056229137,,2.362757209109018,,,,
DALTAL,,,-1.0437526602629656e-16,,,,,,0.0
DHFR,,,-6.858408321153193e-32,,,0.0,,,
EAR160x,,,1.6843626637512974,3.462338107189917,-3.8741564100245746e-16,,10.700683920729526,,0.0
EAR180x,,,0.08193653490640225,5.587906319867784,0.504184362875991,0.0,10.50595051871665,,0.0
EAR60x,,,0.0,,,,,,0.0
GLTAL,,,2.5614480607588063e-18,,,,,,
GMPR,,,1.7497748041512056,,,,,,
GNNUC,,,1.6011631174938818,,,,,,
HCYSMT2,,,1.6011631174938858,,,0.0,,,
HSDy,,,2.040093675119726,,3.874156410024534e-16,,,,
HSERTA,,,1.6843626637525189,,,,,,
ITCY,,,2.5663882097520765,,0.0,0.0,,,
ITPOAACL,,,1.7497748041511945,0.46233810718993595,-7.748312820049077e-16,,,,
LTAS_LBR,,,-7.033602350296736e-17,,,,,,5.5510808485832026e-17
METB1,,,0.0,,,,,,
NH3t,,,1.6011631174938818,3.4623381071902637,3.874156410024534e-16,,10.700683920729526,3.4623381071899595,
PGGT4,,,6.688148958149553e-31,0.0,,,,,
PTAr,,,0.0,3.462338107189983,0.0,,5.587906319867351,,
RNTR4,,,1.749774804151805,,,,,,
SHSL1r,,,0.22212716056233395,,,,,,
SHSL2,,,1.539203228267037,,,,,,
SSALy,,,1.749774804151616,,,,,,
THIORDXi,,,0.5124460315307862,,,,,,
UDCPDP,,,-8.914176534688106e-18,,,,,0.0,0.0
URIK3,,,1.601163117493878,3.4623381071902712,,,,3.4623381071900052,
ACOATA,,,1.749774804150828,3.4623381071899666,-9.688011557425259e-16,,5.5879063198676375,3.462338107190502,
8MDAM,,,1.6011631174938852,,,,,,
PROabc,,,1.1424529136498303,5.920554269991578,,-1.8462022531623077e-31,11.280463462752115,5.920554269991415,2.4980018054066007e-16
FOLt,,,-2.9942628237952464e-18,3.4623381071898978,,,,,
DEMAND3,,,0.0,,,,0.0,0.0,0.0
ORNt,,,1.601163117494172,,1.747141821978933e-15,,,,
PYDXNtr,,,-1.2755184594706786e-16,,,,,,
EX_pydxn_e,,,-1.2755184594706786e-16,,,,,,
EX_glu_L_e,,,0.0,0.0,0.9299852465120739,,0.0,0.0,
EX_nh4_e,,,0.0,3.4623381071900123,0.0,,,1.4165082805401203,
EX_pro_L_e,,,1.1424529136498303,5.920554269991578,,-1.8462022531623077e-31,11.280463462752115,5.920554269991415,2.4980018054066007e-16
GLUDC,,,0.9769177930646407,,,,,,
QULNS,,,7.196442858583756e-14,,,,,,
ABTA,,,0.9769177930646381,,,,,,
GLUt2,,,0.0,7.552645495313838,0.0,,10.535097371404328,5.587906319867685,
PIt2r,,,1.6011631174938818,,,,,,
ACAPS,,,1.7497748041581602,5.587906319867637,,,11.232997098074112,3.4623381071900483,
HACPS,,,0.2221271605622846,5.587906319867661,2.3627572091090165,0.0,3.4623381071899653,3.462338107190148,
ADD,,,,3.4623381071898027,-1.937078205012267e-16,,10.85738737262016,0.46233810718997354,
ADNP,,,,3.2458553666438847,-1.7368195924395458e-15,,10.822571856673271,3.245855366643295,
AHSERL2,,,,3.4623381071901536,,,5.587906319867597,5.58790631986764,
ALATA_D,,,,0.46233810718997526,2.4238090404454233,,8.332104565538746,3.4623381071899852,
CYS,,,,2.9815313777583503,,,,,
DADK,,,,3.4623381071899635,,,,,
EAR100y,,,,3.462338107189483,,,,3.4623381071899733,
FBA,,,,3.462338107189956,,,5.587906319867597,3.4623381072150634,
FLVR,,,,3.4623381071900488,,,,,
GLUDxi,,,,3.462338107190678,,,5.58790631986764,3.4623381071899715,
ITPFPPTr,,,,3.4623381071924015,,,,3.4623381071900052,
NADPHXD,,,,3.462338107189815,,,,,
PFK,,,,3.4623381071898964,,,10.700683920729471,3.462338107189957,
TMDS,,,,10.174153403432225,,,,,
TRPAS1,,,,10.139184567311952,,,,,
RNDR1,,,,3.46233810719002,,,,,
DAG_ASSEMBLY,,,,3.462338107189476,,,,,
EX_ade_e,,,,3.245855366647808,0.0,,10.82257185667332,3.245855366643293,
EX_uri_e,,,,5.587906319867564,,,,10.505950518716643,
METACH,,,,12.555394041486286,,,12.5557145941726,12.555394041486284,
URItr,,,,5.587906319867564,,,,5.587906319867645,
AMPtr,,,,10.174153403432381,,0.0,,,
ADNK1,,,,,0.0,0.0737214157307644,,,
ADNUC,,,,,5.813623515830353e-16,0.0,,,
ALCD19_D,,,,,0.0,,,,
ALDD8x,,,,,-7.748861717101001e-16,,,,
ARGD,,,,,1.9217693860614022,,,,
CBMKr,,,,,1.9217693860613885,,,,
CYSTL,,,,,3.874156410024534e-16,,10.529830773417169,3.4623381071900243,
CYSTS,,,,,1.9370782050122708e-16,,7.552645495313806,3.4623381071900243,
GLYCK2,,,,,3.8744308585505253e-16,,,,
HSDxi,,,,,3.874156410024534e-16,,,,
MALt2r,,,,,0.0,,,,
ME1,,,,,0.0,,,,
OCBT,,,,,1.9217693860613765,,,,
THRD,,,,,0.0,,,,
CITL,,,,,1.6031559570376197,,,,
KAS14,,,,,5.812806934455166e-16,,,,
EX_cit_e,,,,,1.3627572091090137,,,,
EX_orn_e,,,,,0.25625615063832796,,,,
GLYAT,,,,,0.0,,,,
ACONT,,,,,2.4378569021488734,,,,
DR1ORx,,,,,7.748312820049097e-16,,,,
AHCYSNS,,,,,,0.0,,,
AMANK,,,,,,0.07372141573074131,,,
APRAUR,,,,,,0.0,,,
AUS,,,,,,0.07372141573081414,,,
DB4PS,,,,,,0.0,,,
HCYSMT,,,,,,0.0,,,
PMPK,,,,,,0.0,,,
RBFSb,,,,,,0.0,,,
RIBFLVt2,,,,,,0.07372141573175561,,,
EX_fol_e,,,,,,-1.1102230246251565e-16,,,
EX_ribflv_e,,,,,,0.07372141573045887,,,
R03472,,,,,,0.0,,,
CYSDSF,,,,,,,3.462338107189941,,
UTPFPPTr,,,,,,,10.70068392072947,,
SINK1,,,,,,,10.345006550744742,,
EAR120y,,,,,,,,3.4623381071900052,
EAR140y,,,,,,,,0.46233810718998425,
EAR160y,,,,,,,,3.4623381071899875,
ADSL1r,,,,,,,,,0.0
G3PAT120,,,,,,,,,0.0
